"","logFC","logCPM","PValue","FDR"
"HWER_07476",-16.5142597251619,6.6246949308872,3.80291866738333e-224,1.00092819325529e-220
"HWER_11243",8.204458578384,7.32244184079896,4.3971505263941e-147,5.78665009273463e-144
"HWER_08766",-4.6382575775845,7.20921241033967,8.59549617014346e-134,7.54111530660586e-131
"HWER_09235",-5.70745204216004,7.88294811566933,3.72629269784227e-124,2.45190059518021e-121
"HWER_12698",4.85170566463235,6.98201465903734,1.84161366594731e-123,9.69425433754664e-121
"HWER_03428",-5.02980218871199,7.10003970040366,1.20593651775883e-118,5.29004152456874e-116
"HWER_08072",-5.83752581908978,8.92362146525944,1.40775490863554e-114,5.29315845646963e-112
"HWER_04805",6.40968252785525,8.78244057155802,7.30303002350283e-101,2.40269687773243e-98
"HWER_09462",6.05625045972982,8.57411345550572,8.50799746094577e-100,2.48811659080103e-97
"HWER_14981",4.58851005368221,6.65828723997211,2.62881252623424e-99,6.91903456904851e-97
"HWER_07686",-6.2620982873631,8.36272433700942,4.82882842173349e-99,1.15540694600023e-96
"HWER_11128",-4.62580873883361,5.99680182775913,2.14244590272412e-96,4.69909801330824e-94
"HWER_15617",-5.56624388578725,8.54329672115825,1.71098038133063e-94,3.46407720281708e-92
"HWER_02804",5.42389311722382,8.54357860228795,2.25466078206491e-94,4.23876227028202e-92
"HWER_04095",-4.61875971145541,6.31445907685651,1.20131038689247e-92,2.10789929220065e-90
"HWER_11608",4.88370734004828,8.33520713975938,5.04730533780671e-91,8.30281728069204e-89
"HWER_06261",-4.43726685020015,8.89106347418012,8.90403678865163e-90,1.37855440163124e-87
"HWER_07632",-4.43378268676682,8.26294370914342,1.30700817079095e-89,1.91113639195654e-87
"HWER_02156",-3.99402902544272,6.78575202204624,4.62025438541288e-85,6.40026818021405e-83
"HWER_15444",-4.74190456537893,6.32662631913653,3.56849942502888e-84,4.696145243338e-82
"HWER_10104",-6.06118037912259,8.87576706401401,4.59153793137013e-81,5.75472754065056e-79
"HWER_03878",-5.25145154393404,8.22639911094722,2.05372689398103e-80,2.45700417498094e-78
"HWER_03100",4.10230064928892,8.2773181997917,6.60402864447424e-80,7.55730582272009e-78
"HWER_15223",-4.46159106026026,8.60692216635139,1.67348512135115e-79,1.83525534974842e-77
"HWER_14019",-4.05267243239088,8.37184940992606,4.28375919863608e-78,4.50994168432406e-76
"HWER_13042",-3.85399596292457,6.37527848234266,4.33502996375037e-77,4.38838417868884e-75
"HWER_08495",6.55504481448307,8.29901676369467,5.25568147737207e-75,5.12331616609011e-73
"HWER_14701",-5.39883565702231,7.24688740488691,2.14593300087339e-74,2.01717702082099e-72
"HWER_10368",-3.61888466984035,7.2202771627441,4.02366703469862e-74,3.65182470183682e-72
"HWER_16005",-3.89923581488965,7.75626282363212,5.18039893269133e-73,4.54493666361452e-71
"HWER_08638",-3.98963630259023,7.09674675232852,7.2741451977769e-73,6.17598392275768e-71
"HWER_04818",-4.39172563234373,7.97768496130234,3.69850722676688e-72,3.04202219401576e-70
"HWER_03016",-3.51562112383724,6.731525868873,6.83856388674466e-71,5.45427277270059e-69
"HWER_09206",-3.931241106903,7.52210950338965,2.81157438707856e-69,2.17648934905611e-67
"HWER_03919",-3.69745356424306,6.97529112615521,7.26638283978979e-69,5.46431989552192e-67
"HWER_00193",-3.77036963907892,7.52725576090304,1.05815566566512e-68,7.73629364452944e-67
"HWER_14231",-3.55271980069703,6.71758855634444,2.96984848827383e-68,2.11260573544236e-66
"HWER_10814",-4.30899084514581,6.47641469974131,3.80752137545102e-67,2.6372095421545e-65
"HWER_09857",-3.71858494828324,7.66844908216465,4.73653937240246e-67,3.19655682773418e-65
"HWER_02462",-3.53145640026138,7.30572862624992,7.35157593332599e-67,4.8373369641285e-65
"HWER_13753",-3.98620201895815,6.28414282180066,7.86752333180398e-67,5.05056619739221e-65
"HWER_05112",-3.46475763949901,6.26327223910993,1.41151482165056e-65,8.84549288234349e-64
"HWER_04653",-5.99450644026867,6.31577281157335,4.02838018169801e-65,2.46574340423934e-63
"HWER_15647",-3.15858223501356,6.9615128919145,4.9206912817641e-64,2.94346805763707e-62
"HWER_03243",-3.6498434102072,6.64604771238201,5.36848728534015e-64,3.13996856333673e-62
"HWER_15532",-3.04135537327364,7.13922347403317,6.74596576359418e-64,3.85986562821302e-62
"HWER_02708",-3.08439101863142,7.45881608736303,8.38577629194709e-63,4.69603472349037e-61
"HWER_12147",-3.71093857732907,6.80902235605664,3.45844488160918e-62,1.89638061008237e-60
"HWER_11671",-4.59829460515169,6.09121628252458,7.19068136348657e-62,3.86242313238707e-60
"HWER_03524",-3.49134438424435,6.48092642956282,1.22037895454299e-61,6.42407481671431e-60
"HWER_05646",-2.9201886953165,7.06926511180477,1.32917151302192e-61,6.85956749465431e-60
"HWER_15005",-4.07532233870948,8.92739534237974,2.48438986103734e-61,1.25748348350967e-59
"HWER_08207",-4.27316794008166,6.73392731722214,3.87244567892536e-60,1.92307113715689e-58
"HWER_11823",-2.86203415590338,7.28106868673722,8.24204860496936e-60,4.01723554227395e-58
"HWER_13952",-4.15092030769199,6.62617613495164,6.56528462379851e-59,3.14178711451594e-57
"HWER_05305",-2.88547880322774,7.21203710806762,1.04229304894622e-58,4.89877733004723e-57
"HWER_03002",-7.01171393385622,9.40412885555301,1.55804002542398e-58,7.19431815248407e-57
"HWER_03814",-3.0598127991776,6.8666280263913,3.94104653531634e-58,1.78841973809528e-56
"HWER_10103",-3.49354514456175,7.14706627552829,7.91116299237663e-57,3.52918321965005e-55
"HWER_09925",3.97565515908047,7.82847453452731,9.18235002453188e-57,4.02799087742799e-55
"HWER_00435",-3.1164890171938,6.95598303682444,1.07737512350143e-56,4.64860872959963e-55
"HWER_02088",-3.40477476919596,7.02853439925795,2.29702176412928e-56,9.7512278761101e-55
"HWER_05375",-3.45298417357144,6.88546337647673,7.54309537987218e-56,3.15133762536882e-54
"HWER_05297",-3.15334762659833,6.93885427653075,3.02642218818266e-55,1.24461612489012e-53
"HWER_15406",-3.1245625579909,8.48438459712168,4.73635327707556e-55,1.91785874234814e-53
"HWER_10084",3.05320142361844,6.35348392509241,1.21885269888003e-54,4.8606368234125e-53
"HWER_05822",-3.337412555476,6.52704546354309,5.24157408613592e-54,2.0590780589119e-52
"HWER_08223",-4.92705451210918,6.59258176641875,1.14511491253858e-53,4.4322683085317e-52
"HWER_10521",-3.34055252003823,6.84230196332617,2.48029993722344e-53,9.46108613735087e-52
"HWER_11496",-3.87017944696094,7.88407754613196,1.98997204806379e-52,7.48229490071986e-51
"HWER_03877",-3.5411917294394,6.8580305886297,4.04195004724731e-52,1.49836796117675e-50
"HWER_05978",3.2653131740843,7.9299121852378,1.67856396413907e-51,6.13608382446392e-50
"HWER_01555",-3.18194968338439,6.64436820745162,9.44251722743518e-51,3.40448018391909e-49
"HWER_03917",-3.15944479395042,7.69106951792703,1.56187008159511e-50,5.55519196588962e-49
"HWER_15592",-3.57982351485185,6.96953667318357,1.60703949714491e-50,5.63963727531387e-49
"HWER_10841",-3.45508667938438,7.62436213917446,1.81089763294497e-50,6.27142443409363e-49
"HWER_03864",-3.05684197647433,7.60451031079017,4.71033966350377e-50,1.61007973952492e-48
"HWER_01784",-4.98390107119046,6.83163734444123,5.62231815514483e-50,1.89717197235144e-48
"HWER_07887",3.02702354821089,6.10398417900599,2.41460752810261e-49,8.04461647337478e-48
"HWER_03024",-3.7889984653615,6.23763203972582,3.32396522418897e-49,1.09358455875817e-47
"HWER_11877",-4.44323288279073,9.83978675789845,4.96910232594919e-49,1.61465152122201e-47
"HWER_01774",-2.81467735074917,6.88180828366479,5.89410196227695e-49,1.89186297130645e-47
"HWER_07732",-3.192853126102,8.32996321979434,1.30632621008075e-48,4.14247058425608e-47
"HWER_13913",-4.09792689414377,5.60726266376792,1.57303755887133e-48,4.92885101779683e-47
"HWER_12502",-3.45769809392378,6.57392911794004,2.54998681173246e-48,7.89595916291744e-47
"HWER_03912",-2.59971511465941,7.01094875489706,2.78199960413894e-48,8.51421274196939e-47
"HWER_08519",-3.16490584965791,8.3749454612192,5.78325481499907e-48,1.74960076702041e-46
"HWER_10791",-2.59817983929367,7.20593857494518,2.36027415074861e-47,7.05936541451175e-46
"HWER_16076",-2.69263340505693,6.8803784418216,3.75187991021622e-47,1.10954471052687e-45
"HWER_02195",-3.22464481036818,6.55260444772589,5.39471268654575e-47,1.57765375455427e-45
"HWER_16053",-2.6817666322952,7.56174914696466,7.26243224968542e-47,2.10051886606286e-45
"HWER_06154",-3.59170988076381,5.85635230452068,8.509718722811e-47,2.43451953026506e-45
"HWER_05122",-2.85208744958087,7.62943563462549,1.16946983177491e-46,3.30972537336726e-45
"HWER_03882",-3.38675577140066,6.86688992008095,4.06086445294262e-46,1.13704204682393e-44
"HWER_08193",2.8924758185251,7.63237820368309,5.80357906315862e-46,1.60789685202458e-44
"HWER_11769",3.03575623424484,6.63172680011715,7.56388226155687e-46,2.07376438671017e-44
"HWER_05484",-4.47000196456903,6.26628294050642,1.58888897097967e-45,4.31129460991598e-44
"HWER_10079",3.05776224254406,6.45075088367872,1.07258368384311e-44,2.8806533223215e-43
"HWER_00442",-3.04757684512369,8.88606450525486,2.02686887510911e-44,5.38860492857292e-43
"HWER_03980",-3.05285852282895,7.32858017935998,3.51550899170426e-44,9.25281966616562e-43
"HWER_05574",3.03774995105205,7.03167485367218,6.5573698464446e-44,1.70881162731111e-42
"HWER_14898",-2.59247565435433,7.70342856282583,7.63782943760587e-44,1.97085951762536e-42
"HWER_10977",-2.6469714142373,7.5853088829069,1.02885882917099e-43,2.62908392075537e-42
"HWER_04113",-2.63956830805212,7.74813590364026,1.09422449676806e-43,2.76922968797456e-42
"HWER_05007",-3.81626133083184,6.14323534021264,1.53686085378271e-43,3.852397873482e-42
"HWER_06379",-2.55774665031411,7.08529516191242,3.4497929840877e-43,8.56590106992343e-42
"HWER_04200",-2.76818532154215,7.02348322092847,4.05674897271486e-43,9.97884420204253e-42
"HWER_05770",-2.52251869046296,6.9866679425194,5.05484992507034e-43,1.23188564840603e-41
"HWER_04692",-2.95338386089345,7.54513246525563,6.69456366656087e-43,1.61652216242094e-41
"HWER_13437",-2.83662446315,8.0723473272858,1.50134710442257e-42,3.59231416258199e-41
"HWER_04806",-2.50457765294571,7.32941362791258,4.05233602768341e-42,9.6087823647412e-41
"HWER_02873",2.3709826747882,7.20249611137006,4.15169337011869e-42,9.75647941977893e-41
"HWER_06298",-2.31945902529429,7.04197259814529,1.35629420212604e-41,3.15908525663339e-40
"HWER_14511",-2.67555290342261,7.37277755738748,1.53956166108007e-41,3.55449674733574e-40
"HWER_06475",-2.61605849540001,6.7151200614516,2.29510358034217e-41,5.25279358561791e-40
"HWER_00777",-2.489988750504,7.54242098732617,6.84933529477018e-41,1.55409055998579e-39
"HWER_13418",-2.51263921943424,6.87213769407337,1.52769862047761e-40,3.43666903341629e-39
"HWER_08104",-3.59036605119252,6.19566427060999,2.09591003234715e-40,4.67494508909974e-39
"HWER_06949",-3.64783167147099,6.71731584950106,3.30099902458709e-40,7.3010331367338e-39
"HWER_15531",-3.90190528724954,6.25816116945169,1.69168146160896e-39,3.710421339129e-38
"HWER_15006",2.79271875091747,7.21076454748445,1.75346298259234e-39,3.81414427287855e-38
"HWER_02205",-2.65633849442522,6.87338067326796,2.43301296301297e-39,5.24892632676241e-38
"HWER_06046",-2.91132481886101,6.42426472122825,3.27023295036349e-39,6.99776676858269e-38
"HWER_05224",-2.30186485335207,7.49513325992915,4.44320328603312e-39,9.43105729745095e-38
"HWER_08733",-2.82297276433035,8.09425330664406,4.95431691979332e-39,1.04318097063168e-37
"HWER_02508",-2.72492709334286,6.83922803208791,8.08776982249108e-39,1.68944525180925e-37
"HWER_13578",3.7633463994298,8.54514705996655,1.15726552113818e-38,2.39836445010684e-37
"HWER_07643",-2.62241770836064,6.40143088777326,1.94696946529497e-38,4.00345596301279e-37
"HWER_02969",-2.97935417162276,6.47272963704841,2.72591309223098e-38,5.56170795252088e-37
"HWER_05500",-3.21046107673541,6.83537217502985,2.82351699673736e-38,5.71653595031748e-37
"HWER_12943",-2.2151177645743,7.03451653809597,3.66122984061997e-38,7.3559976645128e-37
"HWER_07312",-3.68768632898864,9.46911045844607,4.0811770392509e-38,8.13761967220331e-37
"HWER_04869",-2.76829772012463,8.37613305421914,5.46864162344965e-38,1.08221539495635e-36
"HWER_02904",2.34461224701966,7.35905735348561,6.29773399791317e-38,1.23698775242593e-36
"HWER_03633",-2.75718382400921,7.94917330752575,1.0940528089068e-37,2.13299777262422e-36
"HWER_03518",-2.35459852395042,7.51229168194892,1.13407015504626e-37,2.19475930006012e-36
"HWER_11724",-2.75661696374377,6.61216142127294,1.95581085869934e-37,3.75744100736982e-36
"HWER_13679",-2.37117601787525,7.42866341173274,6.72278581518054e-37,1.28220088880835e-35
"HWER_04629",-2.93499536519052,6.72522500434996,2.39250578271522e-36,4.53026994252263e-35
"HWER_01356",-2.59506654382545,6.58737948100581,2.46797976883542e-36,4.63980196541059e-35
"HWER_08752",-2.58689298019748,6.32708008889102,2.90924549643773e-36,5.43059159335043e-35
"HWER_07672",-2.82313634299122,8.86621926352523,3.41556159290721e-36,6.33081557220548e-35
"HWER_11688",-2.7837863493584,6.81270025708972,5.12237468212464e-36,9.3889104751602e-35
"HWER_03623",-2.14115064336803,7.1982532748151,5.13678992561956e-36,9.3889104751602e-35
"HWER_11843",-2.21121295770301,6.92419663405663,8.56546862821114e-36,1.55478023651391e-34
"HWER_08630",-2.4245397273392,7.63689490083002,1.03131485149264e-35,1.85919225282782e-34
"HWER_12860",-2.44557526636875,7.16794124828877,1.70520736481012e-35,3.05313318651717e-34
"HWER_08212",-3.40129487861056,6.50126195404369,2.1004938769973e-35,3.73547289476817e-34
"HWER_07832",-3.02762048953092,8.13982335391427,2.39163657310368e-35,4.22468957074423e-34
"HWER_03898",2.42412391991192,6.53553672788152,2.92080925964659e-35,5.12504664759322e-34
"HWER_08256",-2.49391651489324,6.71044566727146,3.02335325192221e-35,5.26984487354917e-34
"HWER_12912",-3.11555291572405,5.90680072449131,3.45188363571106e-35,5.94874056402984e-34
"HWER_10155",-4.93317747623813,8.69648280999032,3.45804447681066e-35,5.94874056402984e-34
"HWER_15747",2.95859485274168,8.82158603631286,6.69342169584564e-35,1.14396661710816e-33
"HWER_13628",-2.06484328037277,7.31647351259608,1.71577168609581e-34,2.91349101793817e-33
"HWER_07311",-2.93627391004013,6.34616781360011,2.24945355629246e-34,3.79523189753959e-33
"HWER_09901",-3.88480625323276,9.14961562408503,2.4668513380006e-34,4.13551128765451e-33
"HWER_03443",3.45123895299734,7.38456474823404,3.39454831988449e-34,5.65471593540253e-33
"HWER_13676",-2.57795965146788,6.73057627182146,5.14242280892216e-34,8.51248857426612e-33
"HWER_07363",-2.69890274978092,6.8029372266523,5.81594107599639e-34,9.56722307001407e-33
"HWER_02369",-2.40163851820408,7.61896921313601,9.94977405442737e-34,1.62657175846291e-32
"HWER_01846",-3.94465056193671,6.65936875454548,2.02914488313545e-33,3.29673415581019e-32
"HWER_01147",-2.16816948830196,7.7495686063041,2.19017021302713e-33,3.53652024582049e-32
"HWER_11215",-2.27553604646046,7.28340564513773,4.06651391830789e-33,6.52625892255266e-32
"HWER_12119",-2.2092449801533,6.85596291111456,4.82181637893557e-33,7.69152770264146e-32
"HWER_07665",-3.11783424191158,6.87162011903713,1.08421013194749e-32,1.71906088390711e-31
"HWER_01341",-2.15434330418897,7.06841392973714,1.54508681862093e-32,2.43513084228161e-31
"HWER_02945",-2.62597025741365,7.10419457489665,1.6085063475908e-32,2.51999327789225e-31
"HWER_09251",3.40580664517176,7.88991765910735,1.64012664211254e-32,2.55432740949125e-31
"HWER_13585",-2.66658119578704,8.42793484757939,1.86906882951393e-32,2.89375832898862e-31
"HWER_15254",2.49567375103632,6.27445465363651,2.06336808773854e-32,3.17589754791101e-31
"HWER_01182",-3.02006267355304,7.70887953696059,2.26532967611412e-32,3.46648122530951e-31
"HWER_08541",-2.3245287288189,6.77282574128255,2.4169785088133e-32,3.65642075553369e-31
"HWER_06675",-2.25408860668661,7.427686964138,2.41723864537562e-32,3.65642075553369e-31
"HWER_09271",-2.24837333266565,6.55479223707368,3.3623910173967e-32,5.05703609016463e-31
"HWER_09350",-2.40251583905563,6.74061893832856,5.09469446529497e-32,7.61888399582748e-31
"HWER_09400",1.95449364046686,7.39426950983176,5.19899476711438e-32,7.73093459155087e-31
"HWER_11120",-2.10247528562619,7.16393420169925,7.59699166373322e-32,1.12333045274977e-30
"HWER_13496",-2.6639423521981,6.91100279080355,1.13273706419514e-31,1.66556645416849e-30
"HWER_15172",3.06948058114476,8.31389388058928,1.34027215341607e-31,1.95977572655062e-30
"HWER_04824",-2.78949902727045,8.47807030228724,1.44313236955547e-31,2.09852176611602e-30
"HWER_01530",-2.30770793600833,6.61004477348719,1.96517406598021e-31,2.84194403387908e-30
"HWER_15679",-2.2665634864888,9.07323749409228,2.19049801389449e-31,3.15048676096738e-30
"HWER_00678",2.28829900720823,6.76680167588272,2.75438534499591e-31,3.9399686021898e-30
"HWER_05015",-2.25607918605334,6.59945004758448,2.87393901104817e-31,4.08876079842096e-30
"HWER_03659",-2.20879678815538,7.544687428669,3.14712908758337e-31,4.45335685941904e-30
"HWER_08847",-2.19300311105439,6.72614971947948,4.09731272350183e-31,5.76691288142076e-30
"HWER_01834",2.20098432850226,6.47868923521794,4.70424584819952e-31,6.58594418747933e-30
"HWER_02082",-2.4302747738607,7.91846353815761,5.23936085843776e-31,7.29629512137999e-30
"HWER_11910",-2.6008543135484,6.55144236909713,6.77402268067244e-31,9.38380405027888e-30
"HWER_09999",-2.46980536120352,6.59408501232861,8.55820401765925e-31,1.17932947510362e-29
"HWER_10933",-2.46932860161134,6.44163634413553,1.88589771891282e-30,2.58525145634299e-29
"HWER_12429",-2.42753365610151,6.98776322114762,2.64016231755947e-30,3.6004700620811e-29
"HWER_01850",-1.97359466437524,7.01872584611508,2.986183637261e-30,4.05135841921183e-29
"HWER_12784",2.29718197517788,7.25934825948292,5.53674737459816e-30,7.47318927689352e-29
"HWER_09752",-2.18352537267498,6.81011649947618,8.14210483276306e-30,1.09336836325675e-28
"HWER_05723",-2.32158962395025,6.81160882835699,8.33635603417784e-30,1.11377101938863e-28
"HWER_06447",-3.02634663777519,7.60705206604213,9.92992193075085e-30,1.31997750109779e-28
"HWER_07390",-2.58688050812262,8.51888572990278,1.13382287176483e-29,1.49958316279555e-28
"HWER_01215",2.03494718616465,6.90635891153418,1.13950088358324e-29,1.49958316279555e-28
"HWER_13298",-1.89773418414517,7.21428490353303,1.49686075435232e-29,1.96006841067429e-28
"HWER_04766",-2.56831112047826,6.74340101437411,2.53313472107053e-29,3.30059929992953e-28
"HWER_13151",-2.3945809581503,7.75402702625868,2.85124689466503e-29,3.69678907722086e-28
"HWER_04715",2.42862227297419,8.29019171897052,3.51048376830578e-29,4.5292123912651e-28
"HWER_14447",-2.22959367793534,7.26226277727252,4.04545464547429e-29,5.19396908628699e-28
"HWER_13468",2.53146630966329,8.07532574181352,4.07114731434038e-29,5.20158239385625e-28
"HWER_03048",2.63438608384069,9.07019592699413,6.19705927033261e-29,7.87954589348571e-28
"HWER_07664",-2.28605762358506,6.60718221429461,6.33895666600219e-29,8.02121824274892e-28
"HWER_00599",-2.12706033541524,6.77271972684438,7.77912342968072e-29,9.79648462532042e-28
"HWER_03283",-2.47087644878412,7.98491598942351,1.21247271788492e-28,1.51963247308244e-27
"HWER_07369",2.40203362834066,8.29007673520945,1.3674808330285e-28,1.70578651778721e-27
"HWER_02923",-3.09924337256945,8.01270095671478,1.71370524944419e-28,2.12758123421562e-27
"HWER_05259",-2.50842908778532,7.01877663219507,3.16610821026107e-28,3.91229897155264e-27
"HWER_09166",-2.16937217750585,8.09099353699821,5.83186375213026e-28,7.1726473811247e-27
"HWER_12489",-2.35454113642598,6.99401688807669,7.75091801931244e-28,9.48856568689784e-27
"HWER_02578",-2.33040934010092,8.5835035142267,8.89825782576955e-28,1.08426919432525e-26
"HWER_11179",2.70166530221423,8.83161359872374,9.81672939542363e-28,1.19067427505783e-26
"HWER_05648",-2.13045318128683,6.85928872060841,9.97066490291436e-28,1.20379770754452e-26
"HWER_14473",-2.41693638186198,6.26299073303765,1.04119584732526e-27,1.25133674436533e-26
"HWER_06630",-2.32312388979317,7.40694091257716,1.05928844624963e-27,1.2672941775132e-26
"HWER_13404",-2.73737132577484,9.35887376910486,1.16852537454756e-27,1.39165555918968e-26
"HWER_11903",-2.47326898039011,7.93638813288559,1.24923181364403e-27,1.4810712313113e-26
"HWER_02409",-2.07071301152759,7.11661621503319,1.62311340927197e-27,1.91571053506898e-26
"HWER_04608",1.80272297214386,7.23350702246887,1.73948876768505e-27,2.04389930202993e-26
"HWER_07833",-2.55338443492512,6.52352077977455,1.83031372481392e-27,2.141060321649e-26
"HWER_03748",-2.88257441177656,9.23558405348891,1.94700473156651e-27,2.26748515640843e-26
"HWER_15542",-2.62038305601296,6.99406256927997,2.04883271589277e-27,2.37556286706158e-26
"HWER_12776",-1.8762189116372,6.97199931989168,2.39851964925838e-27,2.7688174196702e-26
"HWER_15634",2.35337543064963,6.4767933342743,2.70175912103594e-27,3.10525327797667e-26
"HWER_13823",-2.55325486207466,6.63060164305182,3.3149645077562e-27,3.79347242800623e-26
"HWER_09854",2.57628307486235,6.99310381781858,4.48259724097908e-27,5.10744412911555e-26
"HWER_03857",1.92594934685051,7.35647958648636,6.19596150720311e-27,7.0292115029994e-26
"HWER_00667",-2.21250349507914,7.26591967788509,7.47268216468208e-27,8.44124440233616e-26
"HWER_01654",-2.54264126729771,7.37146902760983,9.29856205580995e-27,1.0458895440552e-25
"HWER_10670",2.1168658671698,7.87912417557897,1.05044777316296e-26,1.17650150594251e-25
"HWER_01257",-2.01259422763804,7.53322306368994,1.49898194885669e-26,1.67174597008085e-25
"HWER_07122",-2.02611288792236,6.57976000146893,1.56424055134179e-26,1.73716503423274e-25
"HWER_12384",-2.37070686049327,7.425238059019,1.59316846571216e-26,1.76185689149345e-25
"HWER_03439",-1.77998988630513,7.14152199008166,1.68011740004805e-26,1.85023807402782e-25
"HWER_06319",-2.21574647967801,6.8695139613002,1.74388154779169e-26,1.91245676407822e-25
"HWER_09499",-1.82779621805173,7.22362701438246,2.26112369672209e-26,2.4694097799886e-25
"HWER_08627",-2.75760300373419,9.17466950682788,2.30439568129701e-26,2.50626836081559e-25
"HWER_14229",1.93083100213005,7.54001637266156,2.51036169565467e-26,2.71904196829757e-25
"HWER_07071",2.105165031244,6.77161015919882,3.46559058032683e-26,3.73829278992631e-25
"HWER_06259",-2.20646377604335,6.52777465370969,4.19099303799619e-26,4.5023239493902e-25
"HWER_01632",-2.08795053174202,8.46424174690147,4.64731295870649e-26,4.9722470354941e-25
"HWER_05221",2.28032952196262,6.71333973918556,4.73372042719172e-26,5.04419115966341e-25
"HWER_02108",-2.50151166190432,8.89532997202344,4.80254105145164e-26,5.0968903417019e-25
"HWER_15386",1.96940819696912,7.21938774363498,5.4093549736991e-26,5.7178402774201e-25
"HWER_10390",-2.03520195130369,6.8630175203082,5.86215998289479e-26,6.17168202999163e-25
"HWER_08757",2.07976448200355,6.95924941867924,6.09891657415092e-26,6.39535793751602e-25
"HWER_10649",-3.67130193053123,7.42139112741803,6.22737654140116e-26,6.5041488321301e-25
"HWER_09535",-2.0143514225399,6.45996068857383,7.5191677631998e-26,7.82231207618256e-25
"HWER_11867",2.25037144953416,6.42122388131651,7.59272414566554e-26,7.86773620133531e-25
"HWER_11723",-2.37382731405826,6.99233061768248,8.48364806127458e-26,8.7564555675587e-25
"HWER_00028",-2.16245348743899,8.64256640034463,9.57253949465502e-26,9.84176716794219e-25
"HWER_05908",-2.50066492799952,8.14482939626569,1.00704108186886e-25,1.03133545816297e-24
"HWER_13886",-2.07822895869253,6.68538949435426,1.162228955979e-25,1.18565372563439e-24
"HWER_03594",-1.79682375997746,7.03152446085194,1.33610483633718e-25,1.35777140125076e-24
"HWER_11208",-1.74477400547589,7.18846551695696,1.41375542128477e-25,1.43115548800828e-24
"HWER_05503",2.09648404904351,6.44729443362303,1.93570619091917e-25,1.9520224883139e-24
"HWER_02823",-3.26735637154109,7.00327011603568,3.41922753050066e-25,3.43488811460983e-24
"HWER_03833",-2.22735071141346,6.5326989951054,3.59236246907972e-25,3.59509430365696e-24
"HWER_13005",1.81073348147012,7.02528639063327,3.76554657135185e-25,3.75413582416594e-24
"HWER_08373",1.90717880565036,7.27140520017077,4.57258220787651e-25,4.54152315891734e-24
"HWER_01684",-2.16536255189449,6.57749315231528,4.8576245409899e-25,4.80649165108474e-24
"HWER_06474",-1.89923979062383,6.6901694612924,6.24408821570022e-25,6.15522104259287e-24
"HWER_14816",-2.44241602736739,7.8677181384624,6.53055879309086e-25,6.4135935609758e-24
"HWER_14097",1.7372541126399,7.29033092149054,8.15614460321736e-25,7.98028721028553e-24
"HWER_11869",2.22211100776412,7.86432753180064,1.20706391777936e-24,1.17666378947973e-23
"HWER_01792",1.792194799207,6.95914652952604,1.21165535337832e-24,1.17678114025526e-23
"HWER_04080",-2.25995406294498,7.15090548098132,1.25682871326007e-24,1.21616660783107e-23
"HWER_07964",2.13872344392124,7.79367288753415,1.28358761036003e-24,1.23751010639839e-23
"HWER_04059",-3.40268679737599,6.46587386511759,1.4404245800905e-24,1.38364872072927e-23
"HWER_12840",2.00836662200125,6.30046361823526,1.56203195346293e-24,1.49500658236888e-23
"HWER_01014",-1.87603933609342,6.70295141073531,3.71181032679457e-24,3.5396683985954e-23
"HWER_01553",-2.32713763517746,6.86505480825455,4.57691281294495e-24,4.34889332984517e-23
"HWER_13268",-1.88053961881683,6.80452500625577,5.16178100707452e-24,4.88698115489933e-23
"HWER_06983",-2.05385113828412,6.78222762079547,6.22518603382131e-24,5.87264861685221e-23
"HWER_00026",-2.00520474841836,7.09655257419571,6.63851694926785e-24,6.24020593231178e-23
"HWER_07062",2.10048707230647,7.69151054984267,6.97896761798303e-24,6.53688354823179e-23
"HWER_03690",2.13382638618436,6.3699930386507,7.40653528972822e-24,6.90618623704786e-23
"HWER_07099",-2.26860626555193,7.90474527323147,7.42572456339113e-24,6.90618623704786e-23
"HWER_06058",-3.40847424467023,6.82401815237175,8.35276777723407e-24,7.74101577101411e-23
"HWER_01917",2.32246467624927,6.77622330414086,9.15757113204091e-24,8.45709727001111e-23
"HWER_03162",-2.06609957707987,8.45991400868786,9.48933925357207e-24,8.73284647391667e-23
"HWER_04912",3.05966946473251,6.02128879948156,1.18480966442326e-23,1.08655715566621e-22
"HWER_11710",-2.15402698042829,7.07545550095681,1.31945672308994e-23,1.20583683860164e-22
"HWER_07519",-1.97698494692676,6.76270633861777,1.65646872907755e-23,1.50859020585886e-22
"HWER_11966",-1.67921190451623,7.12314366147045,1.81910450256437e-23,1.65099415543084e-22
"HWER_15389",-3.50206808096455,6.76774107271641,2.6764908006476e-23,2.42079855233831e-22
"HWER_07984",1.91260846094533,7.33721100710101,2.82159503415251e-23,2.54330072941418e-22
"HWER_07470",-2.02263233883718,7.91688380030935,3.80826276315793e-23,3.42093774492549e-22
"HWER_10804",-1.94886355391534,6.67827522414527,6.88485993505229e-23,6.16358889423729e-22
"HWER_09457",-1.64407363410503,7.2787652086852,6.95229802020327e-23,6.20286386073729e-22
"HWER_06295",-2.11622980675969,7.31080213528226,7.29372452331771e-23,6.48550099505818e-22
"HWER_14926",1.76017465978113,7.10079792192009,7.52293774719257e-23,6.66679196990265e-22
"HWER_07973",1.95744050557762,6.70699119826202,7.79836010581814e-23,6.8876791270179e-22
"HWER_08455",-1.81475438749497,7.35418153598405,1.02146106612445e-22,8.99159038809215e-22
"HWER_14367",2.27551204813364,7.12310297501658,1.25566897098533e-22,1.10164024387779e-21
"HWER_05811",-2.42867034843752,7.80587209502278,1.36255738912549e-22,1.19144553095624e-21
"HWER_08130",-2.30358216879807,8.44003765596982,1.47287647703472e-22,1.28364598925675e-21
"HWER_13205",-2.34355478662664,6.79458991729069,1.53816545644934e-22,1.33612260111375e-21
"HWER_03780",-1.91829022163362,7.94198456747348,1.97813317867284e-22,1.71264688364043e-21
"HWER_06763",1.88108858609426,8.02042462931139,2.23887759017488e-22,1.93204125158698e-21
"HWER_10566",1.98635695760542,8.18283438542584,2.45139745196639e-22,2.10771601889547e-21
"HWER_10985",-1.91889736817157,8.16200530142912,2.45846815273901e-22,2.10771601889547e-21
"HWER_07577",2.36731093467054,6.91723626430862,2.74749368899398e-22,2.34785824332213e-21
"HWER_02630",2.13646197110671,8.63008770515516,3.09460083770142e-22,2.63591890123952e-21
"HWER_05039",-2.77773214458918,8.80861302385893,3.68171524980281e-22,3.12589501209064e-21
"HWER_01529",-2.12891739388872,8.71779095595561,3.94898811948581e-22,3.34203753391854e-21
"HWER_08211",-1.56305417218864,7.29089823717612,4.75986264915119e-22,4.01537131171985e-21
"HWER_08793",-2.18993227580792,7.82270178569927,5.4472400271719e-22,4.58055455320014e-21
"HWER_10419",1.71391793191503,7.58765958804837,5.51154784454486e-22,4.61987067733824e-21
"HWER_13300",-2.60313152101466,8.60610816344895,8.98154966176385e-22,7.50458371738491e-21
"HWER_09746",1.92538580954136,7.68288431813919,9.40228763004987e-22,7.83127248173774e-21
"HWER_07426",-2.20939659119082,6.70172659025701,9.50728231728969e-22,7.8937435517686e-21
"HWER_02769",2.10461560150107,7.91611712998261,9.74041195096505e-22,8.06187555186793e-21
"HWER_00432",-1.90019846377935,7.14161749097418,1.39878180424991e-21,1.15410461090463e-20
"HWER_07799",3.18521603772047,10.65462957203,1.53954286431737e-21,1.26627400590104e-20
"HWER_12566",1.8116873022601,7.66961721496786,1.75770622873491e-21,1.44120959315586e-20
"HWER_08753",1.91152494469282,7.63628879570089,1.85234109150407e-21,1.51408750088159e-20
"HWER_04385",1.88180827340605,7.70427860145495,2.54013375529504e-21,2.06985512196178e-20
"HWER_05587",-2.5078392124478,9.34248490347683,2.81682634184904e-21,2.28636823446359e-20
"HWER_08247",-1.97709450439911,7.49338783109951,2.82321305547366e-21,2.28636823446359e-20
"HWER_15583",-1.6090746319201,7.38712316564248,2.99480209283974e-21,2.41788929704117e-20
"HWER_11915",-1.86139801166644,6.78266469230436,3.51352183090636e-21,2.82800900885184e-20
"HWER_14219",-1.84597813371815,6.53276992288856,3.87157563799655e-21,3.10670337780699e-20
"HWER_02079",-2.53852565661549,9.17869385643374,4.06251935110568e-21,3.25001548088455e-20
"HWER_08019",-1.87954698776964,6.03830676883646,4.187129430966e-21,3.33955292797046e-20
"HWER_11055",-1.84741627932034,8.52080221082477,4.21643947945532e-21,3.35277000299891e-20
"HWER_04491",1.88332754859238,8.37819611789232,4.37601936546187e-21,3.46918161743845e-20
"HWER_02820",2.17888053430291,8.28115088057853,5.576287398737e-21,4.40744397401675e-20
"HWER_08292",-1.5876299915806,7.1693317323274,5.60599055887026e-21,4.41765483561273e-20
"HWER_15122",-1.6411234988314,6.99301140032124,5.64546880741122e-21,4.43548474659891e-20
"HWER_03238",-1.91682679178198,8.34071293092153,6.41165753297659e-21,5.02246506749833e-20
"HWER_03335",1.95708967258971,8.57841151641214,6.99104115677466e-21,5.46006537822876e-20
"HWER_01766",-2.15895714717,7.8085523059135,1.06709000005107e-20,8.30941088797166e-20
"HWER_02338",-1.61335473411496,7.42793463775582,1.07859874459915e-20,8.37425337989664e-20
"HWER_08297",-2.09848821293419,9.11906811793065,1.33218688044171e-20,1.03126937333017e-19
"HWER_14338",1.83372959171499,6.30171513607811,1.5106115282846e-20,1.16596174265251e-19
"HWER_10143",-1.55804629147073,7.01735878711665,1.85182148271684e-20,1.42514448611425e-19
"HWER_01064",-1.74103319392159,6.69045388962778,2.2130322522451e-20,1.69816352417175e-19
"HWER_14274",1.91549654997844,6.89377677175434,2.32508464796272e-20,1.77896011437148e-19
"HWER_16120",1.83192025007166,6.72291576295826,2.40014194081685e-20,1.83106480818259e-19
"HWER_03956",1.80618271928023,7.71161157332385,2.76111469603578e-20,2.10036239305381e-19
"HWER_06175",-1.99968918121463,8.71342871878544,3.04515957592041e-20,2.30975792617364e-19
"HWER_03178",-2.51392021446356,6.61574591364571,3.05544323101786e-20,2.31089844368937e-19
"HWER_07853",1.5434651730816,7.14183029286473,3.25029847361245e-20,2.45122796061547e-19
"HWER_00452",-1.88166576155973,7.5864913105698,3.49343938512605e-20,2.62706641761479e-19
"HWER_10707",2.00663378090867,7.98856566757977,3.70361861668719e-20,2.77718638151586e-19
"HWER_06438",1.58297986939435,7.25103479909669,3.80915329345948e-20,2.84820780351857e-19
"HWER_02739",1.59954072668628,7.21807295935336,3.8243444836256e-20,2.85146591526985e-19
"HWER_05310",1.6467116612632,7.21412366735319,4.40816409824914e-20,3.27748245948919e-19
"HWER_10639",-1.81232067508031,6.84312279007592,4.7061961525392e-20,3.48921359816427e-19
"HWER_03907",-1.83531116257881,7.22513645582979,5.29507591972292e-20,3.91478646649178e-19
"HWER_13983",1.87599174413309,7.30300298935045,7.76753470996451e-20,5.72665304107187e-19
"HWER_01425",-1.55200945219099,7.20574829008454,8.73244037689823e-20,6.42005113742909e-19
"HWER_10328",1.56914805215126,7.13562568273982,8.75733074730796e-20,6.42041630276171e-19
"HWER_02758",1.70361223695853,6.69796878952143,9.22676310053308e-20,6.74578902238974e-19
"HWER_12313",-1.97170354078115,8.31680468473514,9.94428735070692e-20,7.2502394202384e-19
"HWER_07514",1.82879135502651,6.84796849169306,1.11860417901739e-19,8.13305579882255e-19
"HWER_08008",-2.57670425666748,7.49146917997715,1.15904788184385e-19,8.40389538571075e-19
"HWER_14502",2.11196466805232,8.1979422327911,1.27547057747706e-19,9.22263340637255e-19
"HWER_13553",1.66670896491146,7.20650662383991,1.51888460463926e-19,1.09526144641384e-18
"HWER_04453",2.3873593569056,9.49550816341727,1.60422069906614e-19,1.1536363059951e-18
"HWER_02228",3.05149785182739,6.92654675771747,1.68836901095621e-19,1.21084120894734e-18
"HWER_13724",1.75168325982401,7.51160713280091,2.03583763250469e-19,1.45606648063922e-18
"HWER_11071",-1.86342294055158,7.10470462445253,2.2912733571601e-19,1.63431747318303e-18
"HWER_03946",-1.78307471315643,7.84961445959293,3.50997309377489e-19,2.49682410346365e-18
"HWER_05179",1.73265033293826,6.85948908001419,3.87090835593709e-19,2.74615385251386e-18
"HWER_03710",-3.09939238972317,8.98988042513446,3.90104568821074e-19,2.76009469122867e-18
"HWER_08862",-1.79686537781149,7.93698433198879,4.32808059865773e-19,3.05402362886518e-18
"HWER_05518",1.86265872674947,6.74791315405663,5.05625847840117e-19,3.55830810565559e-18
"HWER_12991",-1.83532302370005,8.11534091585539,5.25146017717198e-19,3.68582484968444e-18
"HWER_12794",1.97611415028195,6.6622435775629,5.29724923324117e-19,3.70807446326882e-18
"HWER_15530",1.60714308891955,6.99712589107521,5.41465575430569e-19,3.78020529053915e-18
"HWER_01815",-2.14039245243812,6.25615346292854,5.82103985625232e-19,4.05316849250162e-18
"HWER_15794",-1.89867989929667,7.05948283499888,5.84153009460594e-19,4.05670374907727e-18
"HWER_12513",-1.80669194845983,6.94153499977589,5.88543336071591e-19,4.07643700142218e-18
"HWER_01618",-2.0748988711383,7.82442256990812,6.29975606484528e-19,4.35195747051779e-18
"HWER_13648",1.83814693257074,8.1467118734089,6.72413504362142e-19,4.63296424995068e-18
"HWER_06279",-1.4643399127721,7.07881249865511,7.76821010341285e-19,5.33836266114429e-18
"HWER_00282",-1.58854219967592,7.609675599779,7.82137643907163e-19,5.36090176761368e-18
"HWER_06798",-1.8692196488685,6.08838827711659,1.02330723717935e-18,6.99570038508066e-18
"HWER_04288",-1.42924824194007,7.13468432701091,1.18285364313816e-18,8.06546836461046e-18
"HWER_13594",1.56574146214394,7.17835891792654,1.19407936527084e-18,8.12097387440015e-18
"HWER_01220",-1.9259950168425,8.74781237061526,1.27872148008615e-18,8.67421375151221e-18
"HWER_13334",1.70564918231811,7.62336233201785,1.38791420520486e-18,9.39072027788992e-18
"HWER_14015",1.84306835504975,7.05235448652966,1.52329353642073e-18,1.02802784304086e-17
"HWER_11674",-1.45726575331094,7.07800710500616,1.54843760558036e-18,1.04232423986893e-17
"HWER_01011",2.50865546543943,8.57738201438304,1.64494405321814e-18,1.10446243573218e-17
"HWER_07724",-2.69817193377893,10.2263925858288,1.67207887265928e-18,1.11982483278352e-17
"HWER_04839",-1.90055241979859,6.70114516844738,1.82085656417375e-18,1.21636915657495e-17
"HWER_06014",1.64083412116688,7.76745916903877,1.88300608670427e-18,1.25470177726725e-17
"HWER_11151",1.69971893767533,6.89431745873038,1.95118037172515e-18,1.2968451359547e-17
"HWER_04970",1.68561962069384,6.54300118794693,2.00367050787328e-18,1.32837802940112e-17
"HWER_04784",-2.11353389720404,8.72032376464765,2.06920975483585e-18,1.36838192832361e-17
"HWER_08087",-1.83872553960192,8.69160360617366,2.59294796490342e-18,1.71043585053278e-17
"HWER_07429",2.14459305348413,9.11404924204393,2.63830592232157e-18,1.73600529688759e-17
"HWER_03871",-2.07510242274029,9.1180982789982,3.10487900955983e-18,2.03791559929214e-17
"HWER_00602",2.03876423724081,8.87078975719929,3.13990965612387e-18,2.055781645502e-17
"HWER_14907",-1.63349392672995,7.69833891872545,3.15602962612563e-18,2.06120843075996e-17
"HWER_05660",-2.07660883935889,6.86351340297777,3.34526610498159e-18,2.17939118522563e-17
"HWER_15931",1.78609659475257,7.75697969534316,3.85875235802952e-18,2.50771264353919e-17
"HWER_13399",2.09982473621882,6.88539319697151,4.05888181749607e-18,2.63127510927331e-17
"HWER_09119",2.91418780304076,10.6658640275741,4.19023841891321e-18,2.70975614707115e-17
"HWER_07237",-1.7969894828346,8.89016593934298,4.61409051283707e-18,2.9765407425949e-17
"HWER_00374",-1.98133205040789,8.3771559292585,5.60261680908618e-18,3.60497914789921e-17
"HWER_11247",-1.45589076638241,7.04002636594857,5.61565900698585e-18,3.60497914789921e-17
"HWER_14009",-1.61886613363824,7.48497474710818,5.91706366700251e-18,3.78922422665465e-17
"HWER_05425",-1.73820719789023,8.62282899149533,6.95738096941357e-18,4.44461813385838e-17
"HWER_12057",1.61270824472869,6.94473081092454,7.40115336988634e-18,4.71666723233435e-17
"HWER_00430",1.56437708916476,7.18999710798785,8.03511828798249e-18,5.10831674733572e-17
"HWER_03987",1.78307398352567,8.86624802424544,9.09567144740363e-18,5.76862825290755e-17
"HWER_07532",-1.48384232792852,7.31374797574553,9.50917284739864e-18,6.01638051306568e-17
"HWER_11314",-1.8313497198927,8.59298172318394,9.56766268661976e-18,6.03887006982811e-17
"HWER_02471",2.20796761931155,8.38674252942392,1.01597483275627e-17,6.39723865984332e-17
"HWER_09564",-1.39607674167502,7.05732265993988,1.11296433490409e-17,6.99122226603234e-17
"HWER_10742",1.74117750055807,6.60414314846943,1.13125774014844e-17,7.08921517159689e-17
"HWER_11732",1.94557967043331,7.51584424735692,1.23140037215331e-17,7.69844603208434e-17
"HWER_13792",1.75924475919118,7.72108872988333,1.33023591428024e-17,8.29663726631654e-17
"HWER_14188",1.53209940296039,6.87844187532482,1.47508005736657e-17,9.17827591250311e-17
"HWER_01191",1.40632167869809,7.38354510957484,1.57245570833744e-17,9.76109298194372e-17
"HWER_01482",2.05678669567476,7.97223267577687,1.67090204974946e-17,1.03477981057425e-16
"HWER_16095",-1.77802069007365,8.17472151280071,1.7828342917687e-17,1.1015070084355e-16
"HWER_15930",-1.54216800496068,7.38274985507775,1.79691043793493e-17,1.10760381092383e-16
"HWER_02043",1.67140066952743,7.54927069743906,1.89283748355465e-17,1.16400660203641e-16
"HWER_00075",1.80260034523618,7.66598737981639,1.90318923145013e-17,1.1676443023722e-16
"HWER_15723",-1.80478181298016,6.60286665919027,1.9331068847045e-17,1.18324123733541e-16
"HWER_12144",1.75681798579463,7.344966606339,2.91858431835667e-17,1.78230021482941e-16
"HWER_08561",1.7329975143306,7.49849270965797,3.03150303751131e-17,1.84697129507634e-16
"HWER_13368",-1.6713536722343,8.77661347954899,3.279651049678e-17,1.99354308608603e-16
"HWER_11668",-1.72373624251675,8.11769447294805,3.547542573945e-17,2.1514129158118e-16
"HWER_14706",1.41081719709045,7.12249066508262,5.10737615684981e-17,3.09025610225947e-16
"HWER_04666",1.49256893662824,7.18929311031317,5.72840908810958e-17,3.45806713759276e-16
"HWER_06336",2.11759181561653,9.91986758473637,5.87505025571378e-17,3.53847420435668e-16
"HWER_04662",1.77700282251006,6.77261373849097,6.89713957551882e-17,4.1445825029145e-16
"HWER_11476",2.2232976907749,9.43702879058649,7.31587546697873e-17,4.38619230730934e-16
"HWER_13376",2.0342713867138,6.63514285539045,8.22598151096852e-17,4.92063257656117e-16
"HWER_15405",1.65214625214075,6.63206843621519,9.27371792438934e-17,5.53479038027046e-16
"HWER_11158",-2.97448023798649,7.62506039781007,9.71522636546863e-17,5.78517551898494e-16
"HWER_09672",-1.38870220864209,7.08203471976034,9.76614268769787e-17,5.80236739368415e-16
"HWER_11505",-1.49711445464527,7.7580769770612,1.01433949071928e-16,6.01293139543503e-16
"HWER_00367",-1.63571415386059,7.95128785331758,1.12137276855018e-16,6.63247893668333e-16
"HWER_12122",1.79757807781618,7.69170831231338,1.12714200179817e-16,6.65165414514074e-16
"HWER_07743",2.24630122944112,9.05115857835619,1.27123441013805e-16,7.48521021808355e-16
"HWER_14693",-1.49644983738538,7.34628445898618,1.33173383220118e-16,7.82393626418194e-16
"HWER_10905",-1.47722610893327,6.974225383564,1.56911891852112e-16,9.19804230188773e-16
"HWER_04356",-1.52932953557116,6.75222705421294,1.86559531601331e-16,1.09116597149934e-15
"HWER_02160",-1.37934010633127,7.42735120864295,1.99526898001313e-16,1.16442304997662e-15
"HWER_10080",-1.40649695153277,7.72847907673387,2.23582024384397e-16,1.30192010659233e-15
"HWER_08280",-1.55598455498813,7.7962021650471,2.27269897628985e-16,1.32047322419313e-15
"HWER_02395",-1.4228559474893,7.44626315968361,2.45044742583528e-16,1.42061181162962e-15
"HWER_02031",-1.50924383302194,7.49455122427351,3.23023517800936e-16,1.86856681066388e-15
"HWER_08124",1.51338475264591,6.64584813922365,3.62286026136787e-16,2.09108951928075e-15
"HWER_02763",-1.6071316886793,7.91828210514759,3.94012718809389e-16,2.26923736522169e-15
"HWER_00837",-1.61374175589259,6.64799814122918,3.97896605520541e-16,2.28660232692154e-15
"HWER_10978",-1.36997271582756,7.37490633727706,4.23898239940748e-16,2.43071931922451e-15
"HWER_10386",-1.47808021801567,7.68703496745328,4.28479604927199e-16,2.45164852210519e-15
"HWER_05148",1.5434746959507,7.30961749316882,5.56332635087923e-16,3.17628523980784e-15
"HWER_12572",-1.55686843190029,7.95702136138612,6.49953215029302e-16,3.70276377046996e-15
"HWER_02197",-1.73714241873823,6.59858093451666,6.56591123166909e-16,3.73250072608057e-15
"HWER_13608",1.32251321268543,7.40307589184123,6.64007572436846e-16,3.7665257126159e-15
"HWER_08178",1.67100543328099,7.10105861038941,6.80831866778084e-16,3.85365478141918e-15
"HWER_07892",-1.55544160519343,7.07830465832465,7.96901390349343e-16,4.50095377553535e-15
"HWER_01936",-1.69716259470198,8.17690340011245,8.19700956981017e-16,4.61981353056539e-15
"HWER_04840",2.18551841448854,9.53624818670732,8.29280427707292e-16,4.66381642249058e-15
"HWER_02418",1.38700674298876,7.34587799604155,8.76006292858999e-16,4.91609501664154e-15
"HWER_06993",-1.89530448912504,6.54303263156936,8.89964204976534e-16,4.98379954786859e-15
"HWER_12615",1.37738788977202,7.23450936434968,8.95882538920139e-16,5.00629053596137e-15
"HWER_09321",1.41034537905352,6.95543678342644,9.71114410282869e-16,5.41519730479769e-15
"HWER_03856",1.33958392866359,7.19971489673632,1.01106621123178e-15,5.62605976313329e-15
"HWER_02667",-1.31516660510013,7.05363539639707,1.04288693671202e-15,5.79088273718571e-15
"HWER_16070",1.36920692336812,7.09232440909817,1.06823684145229e-15,5.91915656147881e-15
"HWER_12270",1.41175257376619,7.57186448846837,1.14941062163346e-15,6.35556461373793e-15
"HWER_08511",1.81605458642677,7.862443979519,1.164431224327e-15,6.4251215564542e-15
"HWER_14583",-1.31458939536143,7.292719127357,1.17627873967024e-15,6.47691557073653e-15
"HWER_01004",-1.51339490121173,6.54747956071603,1.19086346423043e-15,6.54353369071919e-15
"HWER_06710",-1.36080327612951,7.11830075004867,1.1993450452786e-15,6.57640866494432e-15
"HWER_11455",1.94823824288138,9.38646194943762,1.22279091583161e-15,6.69103054151517e-15
"HWER_13126",1.4641811262968,7.71240434877569,1.24683152561372e-15,6.80842443032223e-15
"HWER_00305",-1.72834327489564,6.73403909118543,1.25810654605012e-15,6.85576900456297e-15
"HWER_10545",1.40283701273946,6.87773628956418,1.33173257099059e-15,7.24198373315546e-15
"HWER_14301",1.61815930343707,6.57711747008497,1.36048188066329e-15,7.38306868021809e-15
"HWER_05131",1.52712095071174,8.29510605285402,1.39672323693852e-15,7.5497868409471e-15
"HWER_10654",1.74910901729911,7.91819819327589,1.39694004237889e-15,7.5497868409471e-15
"HWER_00131",-1.44811642111585,7.29715457291159,1.40992459036493e-15,7.60434738082069e-15
"HWER_13512",1.60728857412218,8.37638529746652,1.46872937659341e-15,7.8974332846495e-15
"HWER_15154",-1.97170438228246,9.67972787237933,1.47026683490815e-15,7.8974332846495e-15
"HWER_11856",1.34987071805958,7.3163933311439,1.64989430187928e-15,8.8442399237195e-15
"HWER_15945",2.17876252876854,9.26526822257545,1.78986151742443e-15,9.57503153223802e-15
"HWER_07354",1.42839560623212,7.49478643804491,1.93585388948522e-15,1.03350252274343e-14
"HWER_01691",-3.05410213516601,10.4555163670181,1.95983664517297e-15,1.04418826925005e-14
"HWER_14899",-1.54728585776892,7.29183477222335,1.9674002907938e-15,1.04610051825642e-14
"HWER_13908",1.90900618333043,6.83699160491242,2.01843349325389e-15,1.0710719665815e-14
"HWER_10278",1.74161666275271,8.23060424509289,2.0309815193341e-15,1.07556204404172e-14
"HWER_06271",-1.435859029564,7.6136783038993,2.22548919428591e-15,1.17620232115673e-14
"HWER_14856",-1.67954942928192,7.07391117275934,2.31713394163435e-15,1.22210366692108e-14
"HWER_03619",1.56597979735644,8.89937233560794,2.32162550706891e-15,1.22210366692108e-14
